FloodSusc,Shape_Length,Shape_Area,Point_Count,Join_ID
MF,1275185.375050069764256,20193124.680861406028271,1091,1
LF,829785.418408634606749,32114695.744959007948637,1647,2
HF,1188958.153872103430331,14304752.271885802969337,1333,3
VHF,909470.219323607278056,43998265.235435649752617,1521,4
