Liquefacti,HazCode,Shape_Length,Shape_Area,Point_Count,Join_ID
High Susceptibility Areas,HSA,521273.438414082746021,46395709.688763312995434,5879,1
Low Susceptibility Areas,LSA,282899.210569399467204,11198896.419474815949798,1670,2
Moderate Susceptibility Areas,MSA,105068.297068638348719,8778281.492914998903871,982,3
